title,company,location,dateposted
Data Scientist,HP,"Bengaluru, Karnataka",Posted1 day ago
Data Scientist,"JPMorgan Chase Bank, N.A.","Bengaluru, Karnataka",PostedJust posted
Data Scientist,Codvo.ai,Remote,PostedToday
Data Scientist,MedTourEasy,Remote,PostedToday
Data Scientist – AI / Deep Learning for Automated Driving,Bosch Group,"Bengaluru, Karnataka",PostedJust posted
Applied Data Scientist,Tesco,"Bengaluru, Karnataka",PostedJust posted
Data Scientist,IBM,"Bengaluru, Karnataka",Posted1 day ago
Data Scientist: Artificial Intelligence,IBM,"Bengaluru, Karnataka",Posted1 day ago
Data Scientist,Saasvaap Techies Pvt Ltd,"Thiruvananthapuram, Kerala",EmployerActive 2 days ago
Data Scientist,Infosys Limited,"Bengaluru, Karnataka",Posted30+ days ago
Data Scientist,Awign,"Remote in Bengaluru, Karnataka",Posted2 days ago
Data Scientist,ZF,"Coimbatore, Tamil Nadu",Posted6 days ago
Data Scientist,Innas enterprise pvt ltd,"Kochi, Kerala",EmployerActive 6 days ago
Data Scientist,DCIL,"Peenya, Bengaluru, Karnataka",EmployerActive 7 days ago
Data Scientist,Mobile Programming India Pvt Ltd,"Bengaluru, Karnataka",EmployerActive 10 days ago
Data Scientist,Capri Global Capital Limited,"Remote in Gurgaon, Haryana",EmployerActive 1 day ago
Data Scientist Lead,"JPMorgan Chase Bank, N.A.","Bengaluru, Karnataka",Posted2 days ago
Data Scientist,Fidelity Investments,"Bengaluru, Karnataka",Posted5 days ago
Senior Data Scientist,HP,"Bengaluru, Karnataka",Posted2 days ago
Associate Data Scientist,CORESTRAT LABS PRIVATE LIMITED,"Remote in Bengaluru, Karnataka",EmployerActive 3 days ago
Data Scientist,OMS Software Solutions India Pvt Lltd,"Remote in Coimbatore, Tamil Nadu",EmployerActive 2 days ago
Senior Data Scientist,Nabler,"Remote in Bengaluru, Karnataka",EmployerActive 7 days ago
Data & Analytics Developers,Infosys Limited,"Bengaluru, Karnataka",Posted30+ days ago
Data Scientist,Kyndryl,India+1 location,Posted15 days ago
Principal Data Scientist,Oracle,"Bengaluru, Karnataka",Posted1 day ago
Data & Applied Scientist,Microsoft,"Hyderabad, Telangana+1 location",PostedToday
Data Scientist,Kimberly-Clark,"Bengaluru, Karnataka",PostedToday
Data Scientist,Kreaas Technology Solutions Private Limited,"Hyderabad, Telangana",EmployerActive 4 days ago
Data Scientist Intern,Prwatech,"Bengaluru, Karnataka",EmployerActive 2 days ago
Senior Data Scientist,HADMS solutions private limited,"Remote in Bengaluru, Karnataka",EmployerActive 3 days ago
Data Science-Analyst/Consultant-A&C,Deloitte,"Bengaluru, Karnataka",Posted30+ days ago
Data Scientist,Tech mahindra,"Pune, Maharashtra+1 location",Posted23 days ago
Data Scientist,CLINMARK,"Temporarily Remote in Bengaluru, Karnataka",EmployerActive 1 day ago
Data Scientist,Intel,"Bengaluru, Karnataka",Posted19 days ago
Data Scientist,Deloitte,"Bengaluru, Karnataka",Posted30+ days ago
Data Scientist,RELX,"Bengaluru, Karnataka+1 location",Posted2 days ago
Data Scientist/Analyst,Orena Solutions,"Vadodara, Gujarat",EmployerActive 4 days ago
Data Scientist,SELLinALL,India,Posted8 days ago
Data Scientist,Schneider Electric,"Bengaluru, Karnataka",Posted15 days ago
Data Scientist,Global WeConnect Technologies,"Bengaluru, Karnataka",EmployerActive 8 days ago
"Sr. Scientist / Sr. Associate - Data Visualization, Manufact...",Pfizer,"Remote in Sholinganallur, Chennai, Tamil Nadu",Posted3 days ago
Associate Data Scientist,Shell,"Chennai, Tamil Nadu",Posted7 days ago
Data Scientist,ADCI HYD 13 SEZ,"Hyderabad, Telangana",PostedToday
Senior Data Scientist - Forecasting,Cargill,"Bengaluru, Karnataka",Posted16 days ago
Data Scientist/R/Python,CGI Inc,"Bengaluru, Karnataka",Posted30+ days ago
Senior Data Scientist,GE Healthcare,"Bengaluru, Karnataka",PostedJust posted
Machine Learning Intern,iNFOX Technologies,"Remote in Kochi, Kerala",EmployerActive 2 days ago
DPS Lab Data scientist,EY,"Bengaluru, Karnataka",Posted13 days ago
Deep Learning Intern,iNFOX Technologies,"Remote in Kochi, Kerala",EmployerActive 1 day ago
Data Scientist,Proziod Analytics,"Temporarily Remote in Bengaluru, Karnataka",Posted30+ days ago
Data Scientist I,Delhivery,"Bengaluru, Karnataka+1 location",Posted30+ days ago
"Data Scientist, Data Science",Cardinal Health,"Bengaluru, Karnataka",Posted10 days ago
Data Scientist,Microsoft,"Bengaluru, Karnataka+2 locations",Posted4 days ago
Data Scientist,Shell,"Bengaluru, Karnataka+1 location",Posted7 days ago
Data Scientist(Associate),Tokopedia,India,Posted8 days ago
Data Science - Analyst/Lead Analyst,Infosys Limited,"Bengaluru, Karnataka",Posted30+ days ago
Data Scientist/Analyst - Pointnext Customer Quality,Hewlett Packard Enterprise,"Bengaluru, Karnataka",Posted24 days ago
Data Scientist (Senior Data Analyst - Minimum 3+ Years Exper...,Impress AI,"Ernakulam, Kerala",EmployerActive 4 days ago
Data Scientist,Technovert,"Remote in Hyderabad, Telangana",Posted12 days ago
Data Scientist,Honeywell,"Bengaluru, Karnataka",Posted30 days ago
NLP Data Scientist,ConcertAI,"Bengaluru, Karnataka",Posted14 days ago
Machine Learning Engineer,HP,"Bengaluru, Karnataka",Posted1 day ago
Machine Learning Intern,Santa Fe Research Pvt Ltd,"Remote in Chennai, Tamil Nadu",EmployerActive 1 day ago
Data Scientist,Visa,"Bengaluru, Karnataka",Posted10 days ago
Data Scientist,Jacobs,"Navi Mumbai, Maharashtra",Posted1 day ago
Analyst-Data Science,Amex,"Bengaluru, Karnataka+1 location",Posted30+ days ago
Data Scientist -(H/F),Société Générale,"Bengaluru, Karnataka",Posted6 days ago
Data Science,HP,"Bengaluru, Karnataka",Posted30+ days ago
Data Scientist,ExxonMobil,"Bengaluru, Karnataka",Posted30+ days ago
Commercial Analytics Data Scientist,Dell Technologies,Remote,Posted13 days ago
Data Scientist,Ford Global Business Services,"Chennai, Tamil Nadu",Posted3 days ago
Data Scientist: Advanced Analytics,IBM,"Bengaluru, Karnataka+1 location",Posted14 days ago
Data Scientist,Ananta Consulting Group,"Remote in Vadodara, Gujarat",Posted11 days ago
Data Scientist - ML,Blue Yonder,"Bengaluru, Karnataka",Posted1 day ago
"Manager, Clinical Data Scientist",Pfizer,"Chennai, Tamil Nadu",Posted2 days ago
Senior Machine Learning Data Engineer,BlueOptima,"Remote in Bengaluru, Karnataka",PostedJust posted
Data Scientist 2 + years,Icecreamlabs,"Bengaluru, Karnataka",EmployerActive 1 day ago
Expert Data Scientist,HP,"Bengaluru, Karnataka",Posted30+ days ago
Data Scientist,Applied Materials,"Bengaluru, Karnataka",Posted25 days ago
Senior Data Scientist,Global Employees,Remote,EmployerActive 4 days ago
Data Scientist -Manager,Deloitte,"Hyderabad, Telangana",Posted15 days ago
Data Scientist,iCliniq - The Virtual Hospital,"Coimbatore, Tamil Nadu",EmployerActive 1 day ago
Data Scientist - All Levels,Greenizon Agritech Consultancy,"Bengaluru, Karnataka",Posted18 days ago
Data Scientist,GSK,"Bengaluru, Karnataka",Posted17 days ago
Data Scientist,Webtunix AI,"Mohali, Punjab",EmployerActive 1 day ago
Data Scientist,Aramex,"Mumbai, Maharashtra",PostedToday
Machine Learning Engineer,TIGI HR SOLUTION PVT PVT LTD,"Remote in Bengaluru, Karnataka",EmployerActive 8 days ago
Customer Experience Strategy Data Scientist,Oracle,"Remote in Bengaluru, Karnataka",Posted30+ days ago
Junior Data Engineer with exposure to Data Science - Remote,Sonra Intelligence Limited.,"Remote in Mumbai, Maharashtra",EmployerActive 3 days ago
Applied Data Scientist,Tookitaki Holding PTE LTD,"Remote in Bengaluru, Karnataka",Posted30+ days ago
ML Engineer,Ai Health Highway India Pvt Ltd,"Bengaluru, Karnataka",PostedToday
Data Scientist,Movius Interactive Corporation,"Bengaluru, Karnataka",Posted27 days ago
AI-ML/Data Science Engineer,Techcloud Development Solutions Pvt Ltd,"Bengaluru, Karnataka",EmployerActive 8 days ago
Data Science People Analytics,Unisys,"Bengaluru, Karnataka",Posted2 days ago
Data Scientist,Atonarp,"Bengaluru, Karnataka",Posted16 days ago
Data Scientist,3SC Solutions,India,Posted30+ days ago
Mid Level Data Scientist,IBM,"Ahmedabad, Gujarat",Posted6 days ago
Data Scientist,Cytiva,"Bengaluru, Karnataka",Posted3 days ago
Machine Learning Engineer,Eko Infomatics Solutions Pvt. Ltd.,"Bengaluru, Karnataka",PostedToday
Technology Analyst: Data Science | Machine Learning,Infosys Limited,"Bengaluru, Karnataka",Posted30+ days ago
Data Science Analyst,Shell,"Chennai, Tamil Nadu",Posted7 days ago
Data Scientist,Innominds Software,"Bengaluru, Karnataka+1 location",Posted16 days ago
Data Scientist 2 + years,IceCream Labs,"Remote in Bengaluru, Karnataka",Posted11 days ago
Data Scientist,LiquiLoans,"Mumbai, Maharashtra",EmployerActive 2 days ago
Assistant Data Scientist,Nielsen,"Kochi, Kerala",Posted8 days ago
Data Scientist,Khan Academy,Remote,Posted30+ days ago
Data Scientist,Deutsche Bank,"Mumbai, Maharashtra",Posted6 days ago
Data Scientist,Crowe,"Noida, Uttar Pradesh",Posted19 days ago
Advanced Customer Services - Data Analyst/Scientist,Oracle,India,Posted30+ days ago
Data Scientist - Product Team,Tookitaki Holding PTE LTD,"Remote in Bengaluru, Karnataka",Posted16 days ago
Data Scientist,GSN Solutions LLC (Pyx Tech Pvt Ltd),"Remote in Pune, Maharashtra",EmployerActive 10 days ago
Data Scientist AppleCare Digital,Apple,"Bengaluru, Karnataka",Posted30+ days ago
Machine Learning Engineer,EKO INFOMATICS SOLUTIONS PVT LTD,"Koramangala, Bengaluru, Karnataka",PostedToday
Data Scientist - AI Developer,SAP,"Bengaluru, Karnataka",Posted4 days ago
Analytics Consultant,Emplay Inc,"Remote in Bengaluru, Karnataka",Hiring ongoing
Experience Data Scientist,Microsoft,"Bengaluru, Karnataka",Posted30+ days ago
A&A -Data Scientist - AI POD,Deloitte,"Bengaluru, Karnataka",Posted30+ days ago
Data Scientist,GE Aviation,"Bengaluru, Karnataka",Posted30+ days ago
Data Scientist II,EagleView Technologies,"Bengaluru, Karnataka",Posted8 days ago
Data Scientist,Replicon Software,"Remote in Bengaluru, Karnataka",EmployerActive 3 days ago
Revenue Management - Data Scientist,"JPMorgan Chase Bank, N.A.","Mumbai, Maharashtra",Posted17 days ago
Machine Learning Engineer,MedTourEasy,Remote,PostedToday
Data Scientist,Coinbase,Remote,Posted30+ days ago
Data Scientist,Smiths Detection,"Bengaluru, Karnataka",Posted30+ days ago
DATA SCIENCE TRAINER,TECHOLAS TECHNOLOGIES,"Calicut, Kerala",EmployerActive 1 day ago
Data Scientist,"Applied Systems, Inc.","Bengaluru, Karnataka",Posted3 days ago
Senior Data Scientist,Philips,"Bengaluru, Karnataka+1 location",Posted25 days ago
Machine Learning Engineer,Apple,"Hyderabad, Telangana",Posted30+ days ago
Data Scientist,Travel Centric Technology,"Bengaluru, Karnataka",Posted15 days ago
System Architect - Data Scientist,Philips,"Bengaluru, Karnataka",Posted30+ days ago
Associate Data Scientist,General Reinsurance AG,"Mumbai, Maharashtra",PostedToday
Data Scientist,Indium Software,Remote,Posted30+ days ago
Senior Data Scientist,Job Booster Social India,"Bengaluru, Karnataka",EmployerActive 5 days ago
Data Scientist,Dell Technologies,"Bengaluru, Karnataka",Posted6 days ago
Machine Learning Engineer,Ariana Solutions,"Bengaluru, Karnataka",EmployerActive 1 day ago
"Senior Scientist - Data Science, MI",Pfizer,"Sholinganallur, Chennai, Tamil Nadu",Posted13 days ago
Data Science Intern,Oracuz Infotech Pvt. Ltd,"Thiruvananthapuram, Kerala",EmployerActive 11 days ago
Data Scientist Associate (Merchant Services),"JPMorgan Chase Bank, N.A.","Mumbai, Maharashtra",Posted8 days ago
DATA SCIENTIST,impress.ai,India,Posted22 days ago
Data Scientist- Material Cost Analytics,Ford Global Business Services,"Chennai, Tamil Nadu",Posted3 days ago
Clinical Data Scientist,AstraZeneca,"Bengaluru, Karnataka",Posted10 days ago
Data Science/Analyst intern (DPE-DES-Enterprise Engagement P...,Autodesk,"Remote in Bengaluru, Karnataka",Posted14 days ago
IN4 | Senior Data Scientist | FY23 | SPOT - 1,Walmart Global Tech India,"Bengaluru, Karnataka",Posted9 days ago
Data Scientist - Consumer Analytics,Eli Lilly,"Bengaluru, Karnataka",Posted3 days ago
Analyst - Data Scientist,United Airlines Inc.,"Gurgaon, Haryana",Posted1 day ago
Data Engineer (Analytics exp),Influencer labs,"Bengaluru, Karnataka",PostedToday
Data Scientist - G&M (India),Confluent,Temporarily Remote,Posted30+ days ago
Data Analyst/Data Scientist with Data Bricks/Informatica exp...,DevCool Inc.,"Bengaluru, Karnataka",Posted30+ days ago
Data Scientist,Bosch Group,"Bengaluru, Karnataka",Posted22 days ago
Senio Executive - Data Scientist,NielsenIQ,"Bengaluru, Karnataka+1 location",Posted30+ days ago
Data Modeling Analyst,Isha Foundation,"Coimbatore, Tamil Nadu",PostedToday
Data Science Consultant,Saras Analytics,"Remote in Hyderabad, Telangana",Posted9 days ago
Data Scientist,PhonePe,"Bengaluru, Karnataka",Posted30+ days ago
Data Scientist - GoFood,GO-JEK,"Remote in Bengaluru, Karnataka",Posted3 days ago
Data Scientist II - Uber for Business,Uber,"Bengaluru, Karnataka",Posted2 days ago
Junior Data Scientist,Diabsolut Inc.,"Bengaluru, Karnataka",Posted30 days ago
"Senior Analyst, Data Science",Dell Technologies,+1 locationRemote,Posted9 days ago
Senior Data & Applied Scientist,Microsoft,"Hyderabad, Telangana+1 location",Posted2 days ago
Data Science (R&D),Bosch Group,"Remote in Bengaluru, Karnataka",Posted15 days ago
Data Scientist,UBS,"Hyderabad, Telangana+1 location",Posted30+ days ago
Data Scientist,Whatfix,"Bengaluru, Karnataka",EmployerActive 7 days ago
Deep Learning Specialist(Data Scientist),Standard Chartered,"Bengaluru, Karnataka+1 location",Posted30+ days ago
"Data Scientist - Machine Learning, Deep Learning, NLP",Enterprise Bot,"Bengaluru, Karnataka",Posted2 days ago
Remote Data Scientist,MonetizeMore,Remote,Posted30+ days ago
Data Scientist,Global Industrial,"Mumbai, Maharashtra",Posted6 days ago
Data & Applied Scientist Manager,Microsoft,"Hyderabad, Telangana+1 location",PostedToday
Lead Data Scientist,Freshworks,"Bengaluru, Karnataka",PostedJust posted
Machine Learning Engineer,Edhub,"Bengaluru, Karnataka+3 locations",Posted11 days ago
Natural Language Processing Machine Learning Expert,Rewbix,Remote,EmployerActive 5 days ago
"Data Scientist - Tableau, ENO",Credit Suisse,"Pune, Maharashtra",Posted12 days ago
Data Scientist and Engineering,HP,"Bengaluru, Karnataka",Posted30+ days ago
Data Scientist,Airtel India,"Bellandur, Bengaluru, Karnataka+1 location",Posted30+ days ago
Data Scientist,Walmart Global Tech India,"Bengaluru, Karnataka",Posted30+ days ago
Machine Learning Engineer,Pfizer,Remote,Posted1 day ago
Staff Data Scientist,GE Aviation,"Bengaluru, Karnataka",Posted30+ days ago
Data Scientist,Fractal.ai,"Pune, Maharashtra",Posted30+ days ago
Data Scientist - Associate,DBS Bank,India,Posted22 days ago
USI-EH22-EA-CMG-Tech CoE- Data Scientist-A,Deloitte,"Gurgaon, Haryana",Posted30+ days ago
AI/ML - Data Curation Engineer,Apple,"Hyderabad, Telangana",Posted30+ days ago
Data Scientist,Nextnav,"Bengaluru, Karnataka",Posted30+ days ago
V123: Data Scientist,QSSOT Technology,"Coimbatore, Tamil Nadu",Posted30+ days ago
Data Scientist-GTS Analytics,Kyndryl,"Bengaluru, Karnataka",Posted30+ days ago
Data Scientist,Nao,"Remote in Bengaluru, Karnataka",Posted30+ days ago
Data Scientist,Abbvie,"Bengaluru, Karnataka",Posted10 days ago
Data Scientist,Hitachi Vantara Corporation,"Bengaluru, Karnataka",Posted30+ days ago
Senior Data Scientist - Geospatial Analytics,NielsenIQ,"Pune, Maharashtra",Posted9 days ago
Machine Learning Engineer,Dell Technologies,"Bengaluru, Karnataka+1 location",PostedToday
Artificial Intelligence / Machine Learning Specialist,Digital Horizons Technology & Media Services...,"Remote in Bengaluru, Karnataka",EmployerActive 4 days ago
Data Science Professional_Eco,IBM,"Ahmedabad, Gujarat",Posted2 days ago
Data Scientist,Paktolus,"Bengaluru, Karnataka",Posted30+ days ago
Data Scientist,Open Insights,"Pune, Maharashtra",Posted30+ days ago
Data Scientist,Uber,"Bengaluru, Karnataka",Posted30+ days ago
Product Manager,Emplay Inc,"Remote in Bengaluru, Karnataka",EmployerActive 4 days ago
Data Scientist,Lenovo,"Bengaluru, Karnataka",Posted30+ days ago
Associate Data Scientist,Airtel India,"Bellandur, Bengaluru, Karnataka",Posted30+ days ago
Associate Data Scientist,Microland,"Bengaluru, Karnataka",Posted30+ days ago
AI/ML Data Scientist,NeST Digital,"Kochi, Kerala",Posted15 days ago
AI Scientist - SAP Procurement Data Science Team,SAP,"Bengaluru, Karnataka",Posted2 days ago
Women Returnee | Data Scientist,PayU,"Bengaluru, Karnataka",Posted30+ days ago
Customer Segmentation Analytics Associate,"JPMorgan Chase Bank, N.A.","Bengaluru, Karnataka",PostedJust posted
Data Scientist-CAI,HDFC Bank,"Bengaluru, Karnataka+1 location",Posted30+ days ago
"Advisor, Data Science",Dell Technologies,"Bengaluru, Karnataka+1 location",Posted1 day ago
Data Scientist,Kovai.co,"Coimbatore, Tamil Nadu",Posted30+ days ago
Data Analytics - Graduate Engineer Trainee,RBHU ETG Private Limited,"Kharghar, Navi Mumbai, Maharashtra",EmployerActive 3 days ago
Data Scientist/Sr. Data Scientist,Inlustris,Remote,Posted7 days ago
Advanced Data Scientist,Honeywell,"Bengaluru, Karnataka",Posted15 days ago
Data Scientist / Sr. Data Scientist,Bosch Group,"Bengaluru, Karnataka",Posted30+ days ago
Data Scientist – AIML,Standard Chartered,"Chennai, Tamil Nadu",Posted30 days ago
"Intern, Data Science (Autodesk Construction Cloud)",Autodesk,"Remote in Bengaluru, Karnataka",Posted11 days ago
Data Scientist,Comviva,"Bengaluru, Karnataka+1 location",Posted10 days ago
Deep Learning Deployment Engineer (Edge AI),Conxai Technologies GmbH,"Bengaluru, Karnataka",Posted1 day ago
Data Scientist (Remote),Priority Vendor,"Remote in Noida, Uttar Pradesh",Posted9 days ago
"Data Scientist, Customer Obsession",Uber,"Bengaluru, Karnataka",Posted30+ days ago
Senior Data Scientist,Applied Data Finance,"Chennai, Tamil Nadu",Posted2 days ago
Data Scientist,BAUER Corporate Services Private Limited,"Mumbai, Maharashtra",Posted8 days ago
Data Scientist,"Hitachi India Pvt, Ltd.","Bengaluru, Karnataka",Posted30+ days ago
Senior Analyst - Core RS Data Scientist - Hyd/Blr/Mum/Ggm,Deloitte,"Bengaluru, Karnataka",Posted30+ days ago
Data Scientist,Purplegrids,"Bengaluru, Karnataka",Posted30+ days ago
Data Science and Machine Learning Intern,Leven ai Lab,"Surat, Gujarat",EmployerActive 8 days ago
Scientist I - AI/ ML,Philips,"Bengaluru, Karnataka",Posted30+ days ago
Data Scientist,Bharat Light & Power,"Bengaluru, Karnataka",Posted30+ days ago
Data Scientist,Datastunt,"Noida, Uttar Pradesh",EmployerActive 8 days ago
Associate Data Scientist,Corteva Agriscience,"Hyderabad, Telangana",Posted20 days ago
Data Scientist II,General Mills,"Remote in Mumbai, Maharashtra",Posted30+ days ago
Data Scientist,Smiths Group,"Bengaluru, Karnataka",Posted30+ days ago
GSC Operational Analytics Data Scientist,Intel,"Bengaluru, Karnataka",Posted30+ days ago
Data Scientist,Siemens Technology and Services Private Limited,"Gurgaon, Haryana+1 location",Posted30+ days ago
Data Science Intern,Spinnaker Corporate Advisors,"Mumbai, Maharashtra",Posted19 days ago
Data Scientist,ALTIMETRIK Inc,"Chennai, Tamil Nadu",Posted30+ days ago
Data Science (1-3yrs),PhonePe,"Bengaluru, Karnataka",Posted30+ days ago
CX Data Scientist,Honeywell,"Bengaluru, Karnataka",Posted29 days ago
Data Analyst - Data Science - NX,Siemens Industry Software (India) Private Limited,"Pune, Maharashtra",PostedToday
Senior Data Scientist,Ecolab,"Bengaluru, Karnataka+1 location",Posted30+ days ago
Senior Analyst-Data Science,Amex,"Gurgaon, Haryana",Posted2 days ago
Data Scientist,Qualys,"Remote in Pune, Maharashtra",Posted30+ days ago
ASSOCIATE DATA SCIENTIST,HGS,"Bengaluru, Karnataka",Posted30+ days ago
Customer Data Scientist,h2o.ai,"Remote in Chennai, Tamil Nadu",Posted30+ days ago
Internship for Mtech ( Data Science/ Artificial Intelligence...,Blue Ripples Technologies,"Thiruvananthapuram, Kerala",Posted24 days ago
Data Scientist,BD,"Bengaluru, Karnataka",Posted30+ days ago
Machine Learning Intern,Buymyev,"Bengaluru, Karnataka",EmployerActive 4 days ago
Data Scientist,Cervello Inc,"Bengaluru, Karnataka",Posted30+ days ago
Senior Analyst / Analyst - Data Scientist - Bengaluru,Deloitte,"Bengaluru, Karnataka",Posted30+ days ago
Data Scientist,Flex,"Chennai, Tamil Nadu",Posted7 days ago
Data Scientist,"Retail Solutions, Inc.","Temporarily Remote in Pune, Maharashtra",Posted30+ days ago
Data Scientist - AVP,Citi,"Chennai, Tamil Nadu",Posted22 days ago
Data Science COE-(H/F),Société Générale,"Bengaluru, Karnataka",Posted6 days ago
Senior Data Scientist,Ericsson,"Bengaluru, Karnataka",Posted7 days ago
Data Scientist,Schlumberger,"Pune, Maharashtra+1 location",Posted13 days ago
Data Scientist - Computer Vision Analytics,Western Digital,"Bengaluru, Karnataka",Posted22 days ago
Consultant Data Science (I9),Dell Technologies,Remote,Posted1 day ago
Sr Analytics Engineer,GE Digital,"Bengaluru, Karnataka",PostedToday
Geospatial Data Scientist,BuroHappold Engineering,"Mumbai, Maharashtra",Posted10 days ago
Lead Data Scientist,Oracle,"Bengaluru, Karnataka",Posted30+ days ago
Data Scientist 1,PayPal,"Hyderabad, Telangana+2 locations",PostedToday
Data Science Researcher,Shell,"Bengaluru, Karnataka",Posted8 days ago
Data Scientist,Great Learning,"Bengaluru, Karnataka",Posted30+ days ago
Data Scientist,CGI Inc,"Bengaluru, Karnataka",Posted30 days ago
AI Applications Support Engineer,IBM,"Bengaluru, Karnataka+1 location",Posted17 days ago
Data Engineer: Machine Learning,IBM,"Bengaluru, Karnataka",Posted24 days ago
"Sr. Data Scientist, Data Science",Cardinal Health,"Bengaluru, Karnataka",Posted8 days ago
Robotics Machine Learning Engineer,Thor Systems,Remote,EmployerActive 11 days ago
Data Scientist,Citi,"Pune, Maharashtra",Posted30+ days ago
Deep Learning Engineer (On-site) (Optimization),Flux Auto,"Temporarily Remote in Bengaluru, Karnataka",Posted1 day ago
Advisor Digital Analytics and Data Science,Dell Technologies,Remote,Posted13 days ago
SR Data Scientist,Surya Systems,"Temporarily Remote in Bengaluru, Karnataka",Posted30+ days ago
Junior Data Scientist,NextGrowth Labs,"Bengaluru, Karnataka",Posted30+ days ago
Senior Data Scientist - Operations Research,Cargill,"Bengaluru, Karnataka",Posted30+ days ago
MACHINE LEARNING - DATA SCIENTIST,Hella,"Pune, Maharashtra",Posted30+ days ago
Software Engineer - II Data Science,Philips,"Bengaluru, Karnataka",Posted30+ days ago
Cognitive/AI Senior Data Scientist,IBM,"Bengaluru, Karnataka",Posted30+ days ago
Data Scientist,MediBuddy,"Bengaluru, Karnataka",Posted30+ days ago
Data Scientist,Golechha Capital,"Remote in Secunderabad, Telangana",Posted30 days ago
Senior Manager - Forecasting data scientist,Genpact,"Gurgaon, Haryana",Posted30+ days ago
Data Scientist - I/II,sharechat,"Bengaluru, Karnataka",Posted30+ days ago
Data Scientist,Odessa,"Temporarily Remote in Bengaluru, Karnataka",Posted30+ days ago
Data Scientist,Canum Infotech,"Bengaluru, Karnataka",Posted30+ days ago
Data Scientist,CityLink Technology Solutions,"Pune, Maharashtra",Posted30+ days ago
Data Scientist,Wise Monk,Remote,Posted30+ days ago
Data scientist,Money View,"Bengaluru, Karnataka",Posted30+ days ago
SME - Curriculum Designer in Data Science (Remote),eduCLaaS,"Remote in Chennai, Tamil Nadu",Posted1 day ago
Data Scientist II View Jobs,Swiggy,"Bengaluru, Karnataka",Posted30+ days ago
Data Scientist,Sandvine,"Remote in Bengaluru, Karnataka",Posted30 days ago
Data Scientist,Talent Corner HR Services Pvt. Ltd.,"Bengaluru, Karnataka+1 location",Posted7 days ago
Data Scientist - Supply Chain Analytics (NEW),Chainalytics,"Bengaluru, Karnataka",EmployerActive 2 days ago
Data Scientist,Infognana IG Solution,India,Posted30+ days ago
Data Scientist – Data Products,Netradyne,"Bengaluru, Karnataka",Posted30+ days ago
Data Scientist - Operations Research,Ford India Pvt Ltd,"Chennai, Tamil Nadu",Posted30 days ago
Data Scientist (Python),iCliniq,"Coimbatore, Tamil Nadu",Posted30+ days ago
Data Scientist - NLP,Neuron7.ai,India,3 hours ago
Data Scientist,SemiCab - Collaborative Transportation Platform,"Bangalore Urban, Karnataka, India",3 hours ago
Applied Data Scientist,Tesco,"Bengaluru, Karnataka, India",1 day ago
Analyst - Data Scientist,United Airlines,"Gurgaon, Haryana, India",1 day ago
Data Scientist,HR KN Official,India,7 hours ago
Data Scientist,HP,"Bengaluru, Karnataka, India",1 day ago
Data Scientist,Microsoft,"Hyderabad, Telangana, India",1 month ago
Data Scientist,Vsam Networks,"Noida, Uttar Pradesh, India",1 day ago
Data Science,LTI - Larsen & Toubro Infotech,"Pune, Maharashtra, India",3 days ago
Data Scientist,Skill Bud Innovation Studio,India,19 hours ago
Principal Data Scientist,Walmart Global Tech India,"Bengaluru, Karnataka, India",4 weeks ago
Data science & Machine learning,Tata Consultancy Services,"Mumbai, Maharashtra, India",4 days ago
Data Scientist – AI / Deep Learning for Automated Driving,Bosch Global Software Technologies,"Bengaluru, Karnataka, India",17 hours ago
Data Scientist,IBM,"Bengaluru, Karnataka, India",1 day ago
Data Scientist,Larsen & Toubro,"Chennai, Tamil Nadu, India",3 days ago
Data Scientist,Walmart Global Tech India,"Bengaluru, Karnataka, India",4 weeks ago
Data Scientist / Machine Learning Engineer,PubMatic,"Delhi, Delhi, India",1 week ago
Data Scientist,Cimpress India,"Bengaluru, Karnataka, India",4 hours ago
Data Scientist- Material Cost Analytics,Ford Motor Company,"Chennai, Tamil Nadu, India",4 days ago
"Data Scientist - Bangalore, KA",Optum,"Bengaluru, Karnataka, India",30 minutes ago
Machine learning engineer,OptimHire,"Bengaluru, Karnataka, India",4 hours ago
Data Scientist S&C,Accenture,"Bangalore Urban, Karnataka, India",2 days ago
Hiring for Senior Data Scientist,Tata Consultancy Services,India,3 days ago
Data Scientist,Lightbulb.Ai,"Delhi, India",2 days ago
Data Scientist,Rollick,"Hyderabad, Telangana, India",3 days ago
Senior Data Scientist,Infrrd,India,6 hours ago
Data Scientist,LinkedIn,"Bengaluru, Karnataka, India",3 weeks ago
Data Scientist,Tata Consultancy Services,"Bengaluru, Karnataka, India",3 days ago
Data Scientist,Jio,"Bengaluru, Karnataka, India",3 weeks ago
Data Scientist S&C,Accenture,"Mumbai, Maharashtra, India",2 days ago
Data Scientist,Swift,"Bengaluru, Karnataka, India",2 days ago
Data Scientist,Microsoft,"Bihar, India",3 weeks ago
Data Scientist,Nabler,"Bengaluru, Karnataka, India",2 days ago
"Data Scientist - Bangalore, KA",Optum,"Bengaluru, Karnataka, India",31 minutes ago
Data Science (R&D),Bosch,"Bengaluru, Karnataka, India",2 weeks ago
"Data scientist- Python Gurgaon, Now WFH",TeamPlus Staffing Solution Pvt.ltd.,Gurugram,1 day ago
Data Scientist,Buzzworks,Bangalore,1 day ago
Managger - Data Scientist,Genpact India Pvt. Ltd.,Bangalore,3 days ago
Expert Data Scientist,TomTom India Pvt Ltd,Pune,2 days ago
Data Scientist,Optimum Solutions (s) Pvt. Ltd.,Chennai,2 days ago
Data Scientist,Cytiva,Bangalore,3 days ago
Data Scientist,Mercede,Bangalore,3 days ago
Sr Data Scientist,TomTom India Pvt Ltd,Pune,2 days ago
Data Scientist_,Arminus,Pune,2 days ago
Pharmacovigilance Data Scientist (Automation),HRServices,Mumbai City,3 days ago
Data Scientist -AIS India,SAP India Pvt Ltd,Gurugram,2 days ago
DG-Assistant Manager - Data Scientist,Genpact India Pvt. Ltd.,Gurugram,1 day ago
Lead Data Scientist - FMCG/ Retail Analytics (Leading G ...,Vertex Corporate Services India Pvt...,Pune,4 days ago
"Data Scientist Lead, Sr.",Lam Research,Bangalore,3 days ago
Data Scientist,Microsoft,Bangalore,4 days ago
Sr. Data Scientist,Kimberly-Clark,Bangalore,3 days ago
Data Scientist,Johnson Controls,Bangalore,4 days ago
"Data Scientist II, India Machine Learning",Amazon,Gurugram,5 days ago
Senior Data Scientist,Fidelity National Information Servi...,Bangalore,5 days ago
Lead Data Scientist - FMCG/Retail Analytics (10-15 yrs),ertex Corporate Services,Pune,3 days ago
